,buildingname,buildingaddress,buildingtype,greenmarkstatus,greenmarkrating,buildingsize,grossfloorarea,2017energyuseintensity,2018energyusintensity
2,CITY SQUARE MALL,"180 KITCHENER ROAD, SINGAPORE 208539",Retail,Yes,Platinum,Large,"65,640",382.0,365.0
3,REPUBLIC PLAZA,"9 RAFFLES PLACE, SINGAPORE 048619",Office,Yes,Platinum,Large,"102,356",212.0,183.0
4,CENTRAL MALL,"1 MAGAZINE ROAD, SINGAPORE 059567",Office,Yes,Platinum,Large,"15,769",203.0,181.0
5,KINEX,"11 TANJONG KATONG ROAD, SINGAPORE 437157",Retail,Yes,Gold,Large,"28,938",431.0,396.0
17,PARLIAMENT HOUSE COMPLEX,"1 PARLIAMENT PLACE, SINGAPORE 178880",Office,Yes,Platinum,Large,"19,765",127.0,132.0
26,GRACE GLOBAL RAFFLES,"137 MARKET STREET, SINGAPORE 048943",Office,Yes,GoldPlus,Small,"5,030",171.0,165.0
37,VIVO CITY,"1 HARBOURFRONT WALK, SINGAPORE 098585",Retail,Yes,Gold,Large,"139,853",531.0,511.0
44,OLD HILL STREET POLICE STATION,"140 HILL STREET, SINGAPORE 179369",Office,Yes,Platinum,Large,"26,137",209.0,134.0
45,MINISTRY OF MANPOWER BUILDING,"18 HAVELOCK ROAD, SINGAPORE 059764",Office,Yes,Platinum,Large,"32,034",134.0,138.0
46,MINISTRY OF MANPOWER SERVICES CENTRE,"1500 BENDEMEER ROAD, SINGAPORE 339946",Office,Yes,Platinum,Large,"27,069",133.0,132.0
47,HOTEL ROYAL @ QUEENS,"12 QUEEN STREET, SINGAPORE 188553",Hotel,Yes,Gold,Large,"12,565",233.0,230.0
51,KECK SENG TOWER,"133 CECIL STREET, SINGAPORE 069535",Office,Yes,Certified,Large,"16,122",147.0,138.0
54,ONE RAFFLES LINK,"1 RAFFLES LINK, SINGAPORE 039393",Office,Yes,GoldPlus,Large,"36,280",415.0,386.0
55,SCOTTSWALK,"25 SCOTTS ROAD, SINGAPORE 228220",Mixed Development,Yes,Gold,Large,"47,107",280.0,273.0
57,THE CONCOURSE,"300 BEACH ROAD, SINGAPORE 199555",Office,Yes,Platinum,Large,"62,392",134.0,132.0
70,AIA TOWER,"1 ROBINSON ROAD, SINGAPORE 048542",Office,Yes,Certified,Large,"15,276",222.0,233.0
71,AIA ALEXANDRA,"371 ALEXANDRA ROAD, SINGAPORE 159963",Office,Yes,Certified,Large,"17,828",266.0,247.0
79,BUKIT TIMAH PLAZA,"1 JALAN ANAK BUKIT, SINGAPORE 588996",Retail,Yes,Gold,Large,"25,772",380.0,366.0
80,FAR EAST PLAZA,"14 SCOTTS ROAD, SINGAPORE 228213",Retail,Yes,GoldPlus,Large,"40,749",329.0,334.0
86,SWISSOTEL MERCHANT COURT SINGAPORE,"20 MERCHANT ROAD, SINGAPORE 058281",Hotel,Yes,Platinum,Large,"38,054",208.0,210.0
87,NEX,"23 SERANGOON CENTRAL, SINGAPORE 556083",Retail,Yes,Gold,Large,"87,527",499.0,486.0
88,GENTING HOTEL JURONG,"2 TOWN HALL LINK, SINGAPORE 608516",Hotel,Yes,Platinum,Large,"19,147",254.0,251.0
90,RESORTS WORLD SENTOSA,"8 SENTOSA GATEWAY, SINGAPORE 098269",Mixed Development,Yes,Platinum,Large,"343,000",493.0,485.0
96,CHINATOWN POINT,"133 NEW BRIDGE ROAD, SINGAPORE 059413",Mixed Development,Yes,Certified,Large,"51,611",345.0,322.0
98,OUE DOWNTOWN,"6 SHENTON WAY, SINGAPORE 068809",Office,Yes,Certified,Large,"116,055",159.0,181.0
101,ORCHARD PLAZA,"150 ORCHARD ROAD, SINGAPORE 238841",Retail,Yes,GoldPlus,Large,"22,331",213.0,218.0
110,NGEE ANN POLYTECHNIC,"535 CLEMENTI ROAD, SINGAPORE 599489",Polytechnic,Yes,GoldPlus,Large,"382,189",86.0,82.0
112,INSTITUTE OF MENTAL HEALTH,"10 BUANGKOK VIEW, SINGAPORE 539747",Nursing Home,Yes,GoldPlus,Large,"171,698",82.0,71.0
114,TEMASEK POLYTECHNIC,"21 TAMPINES AVENUE 1, SINGAPORE 529757",Polytechnic,Yes,Platinum,Large,"2,865,168",17.0,105.0
116,SO SOFITEL SINGAPORE,"35 ROBINSON ROAD, SINGAPORE 068876",Hotel,Yes,Platinum,Large,"7,450",335.0,328.0
117,SINGAPORE MANAGEMENT UNIVERSITY,"50 STAMFORD ROAD, SINGAPORE 178899",Univerisity,Yes,Platinum,Large,"100,378",144.0,145.0
120,NATIONAL HEART CENTRE OF SINGAPORE,"5 HOSPITAL DRIVE, SINGAPORE 169609",Specialist Centre (Public),Yes,Platinum,Large,"48,432",300.0,306.0
123,THE TREASURY,"100 HIGH STREET, SINGAPORE 179434",Office,Yes,Platinum,Large,"41,499",142.0,134.0
133,KHOO TECK PUAT HOSPITAL,"90 YISHUN CENTRAL, SINGAPORE 768828",General Hospital/ Specialist Centre (Public),Yes,Platinum,Large,"103,534",311.0,311.0
141,VILLAGE HOTEL KATONG,"25 MARINE PARADE, SINGAPORE 449536",Hotel,Yes,Certified,Large,"22,540",207.0,211.0
148,NANYANG TECHNOLOGICAL UNIVERSITY,"50 NANYANG AVENUE, SINGAPORE 639798",Univerisity,Yes,Platinum,Large,"330,436",605.0,594.0
153,313 @ SOMERSET,"313 ORCHARD ROAD, SINGAPORE 238895",Retail,Yes,Platinum,Large,"39,913",515.0,513.0
158,OG ALBERT COMPLEX,"60 ALBERT STREET, SINGAPORE 189969",Mixed Development,Yes,Gold,Large,"25,724",188.0,181.0
162,TOKIO MARINE CENTRE,"20 MCCALLUM STREET, SINGAPORE 069046",Office,Yes,GoldPlus,Small,"14,671",157.0,160.0
164,HIGH STREET CENTRE,"1 NORTH BRIDGE ROAD, SINGAPORE 179094",Office,Yes,Platinum,Large,"43,000",174.0,165.0
166,WEST MALL,"1 BUKIT BATOK CENTRAL LINK, SINGAPORE 658713",Retail,Yes,Gold,Large,"24,182",472.0,483.0
169,GERMAN CENTRE,"25 INTERNATIONAL BUSINESS PARK, SINGAPORE 609916",Office,Yes,Platinum,Large,"28,421",113.0,111.0
172,MITSUBISHI ELECTRIC BUILDING,"307 ALEXANDRA ROAD, SINGAPORE 159943",Office,Yes,Platinum,Large,"16,654",94.0,95.0
179,ENVIRONMENT BUILDING,"40 SCOTTS ROAD, SINGAPORE 228231",Office,Yes,Platinum,Large,"49,021",134.0,122.0
182,MANDARIN ORCHARD SINGAPORE,"333 ORCHARD ROAD, SINGAPORE 238867",Hotel,Yes,Certified,Large,"127,860",220.0,217.0
184,ORCHARD TOWERS,"400 ORCHARD ROAD, SINGAPORE 238875",Mixed Development,Yes,Certified,Large,"42,809",174.0,173.0
187,STUDIO M HOTEL,"3 NANSON ROAD, SINGAPORE 238910",Hotel,Yes,Gold,Large,"8,210",434.0,429.0
190,BCA ACADEMY OF THE BUILT ENVIRONMENT,"200 BRADDELL ROAD, SINGAPORE 579700",Office,Yes,Platinum,Large,"53,422",43.0,41.0
191,MARINA BAY SANDS,"1 BAYFRONT AVENUE, SINGAPORE 018971",Mixed Development,Yes,Platinum,Large,"581,511",301.0,297.0
195,SINGAPORE SHOPPING CENTRE,"190 CLEMENCEAU AVENUE, SINGAPORE 239924",Retail,Yes,Gold,Small,"11,256",171.0,184.0
196,PALAIS RENAISSANCE,"390 ORCHARD ROAD, SINGAPORE 238871",Mixed Development,Yes,Platinum,Large,"16,491",201.0,184.0
201,IBIS SINGAPORE NOVENA,"6 IRRAWADDY ROAD, SINGAPORE 329543",Hotel,Yes,Platinum,Small,"6,407",335.0,276.0
205,MAPLETREE BUSINESS CITY,"10 PASIR PANJANG ROAD, SINGAPORE 117438",Office,Yes,Platinum,Large,"184,167",232.0,249.0
219,SHERATON TOWERS HOTEL,"39 SCOTTS ROAD, SINGAPORE 228230",Hotel,Yes,Platinum,Large,"31,224",250.0,249.0
227,AXA TOWER,"8 SHENTON WAY, SINGAPORE 068811",Office,Yes,Platinum,Large,"95,625",156.0,151.0
236,RELC BUILDING,"30 ORANGE GROVE ROAD, SINGAPORE 258352",Hotel,Yes,GoldPlus,Large,"21,466",94.0,101.0
241,WINSLAND HOUSE II,"163 PENANG ROAD, SINGAPORE 238463",Office,Yes,GoldPlus,Large,"18,451",168.0,159.0
242,WINSLAND HOUSE I,"3 KILLINEY ROAD, SINGAPORE 239519",Office,Yes,GoldPlus,Large,"21,055",152.0,140.0
253,ORCHARD PARADE HOTEL,"1 TANGLIN ROAD, SINGAPORE 247905",Hotel,Yes,Gold,Large,"26,657",247.0,238.0
268,THE URA CENTRE,"45 MAXWELL ROAD, SINGAPORE 069118",Office,Yes,Platinum,Large,"54,055",152.0,146.0
277,KING'S CENTRE,"390 HAVELOCK ROAD, SINGAPORE 169662",Office,Yes,Platinum,Small,"10,852",219.0,205.0
278,QUAYSIDE ISLE,"31 OCEAN WAY, SINGAPORE 098375",Retail,Yes,Platinum,Small,"5,729",595.0,603.0
279,NOVOTEL SINGAPORE CLARKE QUAY,"177A RIVER VALLEY ROAD, SINGAPORE 179031",Hotel,Yes,GoldPlus,Large,"28,548",245.0,240.0
282,FORTUNE CENTRE,"190 MIDDLE ROAD, SINGAPORE 188979",Office,Yes,Gold,Large,"25,021",189.0,190.0
294,CONCORDE SHOPPING CENTRE,"317 OUTRAM ROAD, SINGAPORE 169075",Hotel,Yes,GoldPlus,Large,"54,042",267.0,216.0
301,THE SIGNATURE,"51 CHANGI BUSINESS PARK CENTRAL 2, SINGAPORE 486066",Office,Yes,Gold,Large,"47,410",132.0,132.0
304,SOLARIS,"1 FUSIONOPOLIS WALK, SINGAPORE 138628",Office,Yes,Platinum,Large,"51,282",127.0,132.0
331,THE GREENWICH,"1 SELETAR ROAD, SINGAPORE 807011",Retail,Yes,Certified,Small,"4,500",348.0,388.0
333,ITE COLLEGE CENTRAL,"2 ANG MO KIO DRIVE, SINGAPORE 567720",ITE,Yes,Platinum,Large,"192,820",104.0,102.0
334,ITE COLLEGE EAST,"10 SIMEI AVENUE, SINGAPORE 486047",ITE,Yes,Platinum,Large,"130,424",103.0,100.0
362,FURAMA CITY CENTRE SINGAPORE,"60 EU TONG SEN STREET, SINGAPORE 059804",Hotel,Yes,Platinum,Large,"25,857",235.0,232.0
363,OUE BAYFRONT,"50 COLLYER QUAY, SINGAPORE 049321",Office,Yes,Gold,Large,"40,450",298.0,289.0
375,SAMSUNG HUB,"3 CHURCH STREET, SINGAPORE 049483",Office,Yes,GoldPlus,Large,"27,562",178.0,181.0
378,ION ORCHARD,"2 ORCHARD TURN, SINGAPORE 238801",Retail,Yes,Gold,Large,"87,486",485.0,471.0
379,ST. REGIS HOTEL SINGAPORE,"29 TANGLIN ROAD, SINGAPORE 247911",Hotel,Yes,GoldPlus,Large,"30,850",415.0,385.0
380,NGEE ANN CITY,"391A ORCHARD ROAD, SINGAPORE 238873",Mixed Development,Yes,Platinum,Large,"175,179",319.0,264.0
386,HOLIDAY INN EXPRESS SINGAPORE CLARKE QUAY,"2 MAGAZINE ROAD, SINGAPORE 059573",Hotel,Yes,Platinum,Large,"11,783",264.0,263.0
390,CITY HOUSE,"36 ROBINSON ROAD, SINGAPORE 068877",Office,Yes,Platinum,Large,"20,180",134.0,114.0
391,SHANGRI-LA HOTEL,"22 ORANGE GROVE ROAD, SINGAPORE 258350",Hotel,Yes,Gold,Large,"79,709",333.0,365.0
392,ITE COLLEGE WEST,"1 CHOA CHU KANG GROVE, SINGAPORE 688236",ITE,Yes,Platinum,Large,"97,876",113.0,113.0
393,OCBC CENTRE,"65 CHULIA STREET, SINGAPORE 049513",Office,Yes,Gold,Large,"75,079",200.0,199.0
395,OCBC CENTRE SOUTH,"18 CHURCH STREET, SINGAPORE 049479",Office,Yes,Gold,Small,"11,047",384.0,397.0
397,TAMPINES POLYCLINIC,"1 TAMPINES STREET 41, SINGAPORE 529203",Polyclinic,Yes,Gold,Small,"5,923",131.0,133.0
402,DAS SPEKTRUM@CBP,"9 CHANGI BUSINESS PARK VISTA, SINGAPORE 486041",Office,Yes,Platinum,Small,"12,767",158.0,161.0
404,INFINITE STUDIOS,"21 MEDIA CIRCLE, SINGAPORE 138562",Office,Yes,GoldPlus,Large,"20,484",334.0,328.0
407,MACPHERSON MALL,"401 MACPHERSON ROAD, SINGAPORE 368125",Mixed Development,Yes,Certified,Small,"13,284",193.0,227.0
411,TAN TOCK SENG HOSPITAL,"11 JALAN TAN TOCK SENG, SINGAPORE 308433",General Hospital/ Specialist Centre (Public),Yes,Platinum,Large,"191,832",377.0,358.0
413,THE METROPOLIS,"9 NORTH BUONA VISTA DRIVE, SINGAPORE 138588",Office,Yes,Platinum,Large,"100,096",211.0,207.0
414,STANDARD CHARTERED @ CHANGI 2,"9 CHANGI BUSINESS PARK CRESCENT, SINGAPORE 486005",Office,Yes,Gold,Large,"18,365",120.0,125.0
415,STANDARD CHARTERED @ CHANGI,"7 CHANGI BUSINESS PARK CRESCENT, SINGAPORE 486028",Office,Yes,Platinum,Large,"27,076",195.0,191.0
424,MYP CENTRE,"9 BATTERY ROAD, SINGAPORE 049910",Office,Yes,Gold,Large,"18,565",201.0,194.0
428,ANG MO KIO COMMUNITY HOSPITAL,"17 ANG MO KIO AVENUE 9, SINGAPORE 569766",Community Hospital,Yes,Gold,Large,"28,151",196.0,195.0
429,THE PLAZA,"7500A BEACH ROAD, SINGAPORE 199591",Mixed Development,Yes,Gold,Large,"72,925",244.0,247.0
431,KATONG POINT,"451 JOO CHIAT ROAD, SINGAPORE 427664",Retail,Yes,Certified,Small,"4,247",144.0,131.0
432,SEAGATE SINGAPORE DESIGN CENTER - THE SHUGART,"26 AYER RAJAH CRESCENT, SINGAPORE 139944",Office,Yes,Platinum,Large,"40,880",473.0,527.0
434,MIWORLD,"9 INTERNATIONAL BUSINESS PARK, SINGAPORE 609915",Office,Yes,Certified,Small,"10,960",703.0,744.0
443,HOTEL CHANCELLOR @ ORCHARD,"28 CAVENAGH ROAD, SINGAPORE 229635",Hotel,Yes,Certified,Large,"13,742",279.0,275.0
444,PARKROYAL ON PICKERING,"3 UPPER PICKERING STREET, SINGAPORE 058289",Hotel,Yes,Platinum,Large,"29,227",302.0,309.0
445,TAMAN JURONG SHOPPING CENTRE,"399 YUNG SHENG ROAD, SINGAPORE 610399",Retail,Yes,Gold,Small,"11,820",402.0,404.0
447,HEALTH PROMOTION BOARD,"3 SECOND HOSPITAL AVENUE, SINGAPORE 168937",Office,Yes,Platinum,Large,"32,148",169.0,164.0
448,WESTGATE TOWER,"1 GATEWAY DRIVE, SINGAPORE 608531",Retail,Yes,Platinum,Large,"87,780",352.0,353.0
453,WOH HUP BUILDING,"217 UPPER BUKIT TIMAH ROAD, SINGAPORE 588185",Office,Yes,Platinum,Small,"1,980",159.0,147.0
459,NEXUS @ONE-NORTH,"3 FUSIONOPOLIS LINK, SINGAPORE 138543",Office,Yes,Platinum,Large,"25,510",25.0,25.0
460,THE MENDEL,"12 SCIENCE PARK DRIVE, SINGAPORE 118225",Office,Yes,GoldPlus,Large,"75,269",246.0,256.0
464,SINGAPORE UNIVERSITY OF TECHNOLOGY AND DESIGN,"8 SOMAPAH ROAD, SINGAPORE 487372",Univerisity,Yes,Platinum,Large,"109,703",164.0,177.0
465,MAS BUILDING,"10 SHENTON WAY, SINGAPORE 079117",Office,Yes,Platinum,Large,"55,206",139.0,130.0
475,HEALTH SCIENCES AUTHORITY BUILDING,"11 OUTRAM ROAD, SINGAPORE 169078",Office,Yes,GoldPlus,Large,"17,284",448.0,448.0
485,KATONG SQUARE,"86 EAST COAST ROAD, SINGAPORE 428788",Hotel,Yes,Platinum,Large,"25,200",258.0,261.0
490,ROBINSON SQUARE,"144 ROBINSON ROAD, SINGAPORE 068908",Office,Yes,Certified,Small,"4,164",128.0,148.0
493,FUJI XEROX TOWERS,"80 ANSON ROAD, SINGAPORE 079907",Office,Yes,Platinum,Large,"48,688",169.0,162.0
503,ORCHARD GATEWAY,"277 ORCHARD ROAD, SINGAPORE 238858",Mixed Development,Yes,Platinum,Large,"48,324",371.0,370.0
508,ONE @ CHANGI CITY,"1 CHANGI BUSINESS PARK CENTRAL 1, SINGAPORE 486036",Office,Yes,GoldPlus,Large,"71,158",235.0,234.0
515,LAND TRANSPORT AUTHORITY,"10 SIN MING DRIVE, SINGAPORE 575701",Office,Yes,Platinum,Small,"12,893",297.0,295.0
520,BEACH CENTRE,"15 BEACH ROAD, SINGAPORE 189677",Office,Yes,Platinum,Small,"7,669",155.0,179.0
522,FOUR ACRES SINGAPORE,"6 NEPAL PARK, SINGAPORE 139395",Private School,Yes,GoldPlus,Small,"14,980",104.0,105.0
527,NANYANG POLYTECHNIC,"180 ANG MO KIO AVENUE 8, SINGAPORE 569830",Polytechnic,Yes,Platinum,Large,"264,235",158.0,155.0
528,ORCHARD HOTEL SINGAPORE,"442 ORCHARD ROAD, SINGAPORE 238879",Hotel,Yes,Gold,Large,"44,097",388.0,376.0
529,GRAND COPTHORNE WATERFRONT,"392 HAVELOCK ROAD, SINGAPORE 169663",Hotel,Yes,Platinum,Large,"51,726",261.0,256.0
545,TIONG BAHRU PLAZA,"302 TIONG BAHRU ROAD, SINGAPORE 168732",Retail,Yes,Platinum,Large,"27,349",667.0,662.0
546,CENTURY SQUARE,"2 TAMPINES CENTRAL 5, SINGAPORE 529509",Retail,Yes,Gold,Large,"29,600",368.0,311.0
548,TAMPINES ONE,"10 TAMPINES CENTRAL 1, SINGAPORE 529536",Retail,Yes,GoldPlus,Large,"35,386",457.0,455.0
551,NTUC HEALTH NURSING HOME (JURONG WEST),"50 JURONG WEST STREET 93, SINGAPORE 648967",Nursing Home,Yes,Certified,Small,"8,652",118.0,149.0
557,ASIA SQUARE TOWER 1,"8 MARINA VIEW, SINGAPORE 018960",Office,Yes,Platinum,Large,"145,650",170.0,174.0
558,ASIA SQUARE TOWER 2,"12 MARINA VIEW, SINGAPORE 018961",Office,Yes,Platinum,Large,"99,576",207.0,208.0
561,VIVA BUSINESS PARK,"750 CHAI CHEE ROAD, SINGAPORE 469000",Office,Yes,Certified,Large,"141,841",760.0,690.0
562,PARK AVENUE CHANGI,"2 CHANGI BUSINESS PARK AVENUE 1, SINGAPORE 486015",Office,Yes,GoldPlus,Large,"72,782",194.0,204.0
569,MANULIFE CENTRE,"51 BRAS BASAH ROAD, SINGAPORE 189554",Office,Yes,Platinum,Large,"27,850",243.0,224.0
571,M HOTEL,"81 ANSON ROAD, SINGAPORE 079908",Hotel,Yes,GoldPlus,Large,"31,033",225.0,216.0
576,ROBINSON POINT,"39 ROBINSON ROAD, SINGAPORE 068911",Office,Yes,Certified,Large,"15,724",210.0,201.0
579,TANJONG PAGAR CENTRE,"7 WALLICH STREET, SINGAPORE 078884",Office,Yes,Platinum,Large,"129,726",200.0,247.0
582,WOODLANDS CIVIC CENTRE,"900 SOUTH WOODLANDS DRIVE, SINGAPORE 730900",Office,Yes,Platinum,Large,"38,235",242.0,225.0
585,OCEAN FINANCIAL CENTRE,"10 COLLYER QUAY, SINGAPORE 049315",Office,Yes,Platinum,Large,"95,992",208.0,201.0
590,W SINGAPORE SENTOSA COVE HOTEL,"21 OCEAN WAY, SINGAPORE 098374",Hotel,Yes,Platinum,Large,"23,800",402.0,405.0
592,PRUDENTIAL TOWER,"30 CECIL STREET, SINGAPORE 049712",Office,Yes,GoldPlus,Large,"27,699",175.0,137.0
605,JURONG POINT,"1 JURONG WEST CENTRAL 2, SINGAPORE 648886",Retail,Yes,Gold,Large,"51,095",520.0,512.0
608,HDB CENTRE OF BUILDING RESEARCH,"10 WOODLANDS AVENUE 8, SINGAPORE 738973",Office,Yes,Platinum,Large,"20,175",39.0,38.0
609,NOVENA SQUARE,"238 THOMSON ROAD, SINGAPORE 307683",Office,Yes,GoldPlus,Large,"69,936",362.0,319.0
610,CHANGI CITY POINT,"5 CHANGI BUSINESS PARK CENTRAL 1, SINGAPORE 486038",Retail,Yes,GoldPlus,Large,"28,463",459.0,487.0
612,VISTA POINT,"548 WOODLANDS DRIVE 44, SINGAPORE 730548",Retail,Yes,Gold,Small,"11,260",471.0,462.0
614,JOO CHIAT COMPLEX,"1 JOO CHIAT ROAD, SINGAPORE 420001",Retail,Yes,Platinum,Large,"25,347",214.0,198.0
619,THE REGENT SINGAPORE,"1 CUSCADEN ROAD, SINGAPORE 249715",Hotel,Yes,GoldPlus,Large,"42,483",295.0,279.0
626,BEDOK POINT,"799 NEW UPPER CHANGI ROAD, SINGAPORE 467351",Retail,Yes,Gold,Small,"12,412",313.0,294.0
627,ORCHARD BUILDING,"1 GRANGE ROAD, SINGAPORE 239693",Office,Yes,Gold,Small,"13,627",343.0,263.0
636,PARKROYAL ON KITCHENER ROAD,"181 KITCHENER ROAD, SINGAPORE 208533",Hotel,Yes,Platinum,Large,"37,721",180.0,181.0
637,CAPRI BY FRASER CHANGI CITY,"3 CHANGI BUSINESS PARK CENTRAL 1, SINGAPORE 486037",Hotel,Yes,GoldPlus,Large,"18,975",245.0,246.0
639,ALEXANDRA CENTRAL,"321 ALEXANDRA ROAD, SINGAPORE 159971",Retail,Yes,Certified,Small,"8,677",585.0,582.0
640,MOUNT ALVERNIA HOSPITAL,"820 THOMSON ROAD, SINGAPORE 574623",Private Hospital (Private),Yes,Certified,Large,"39,487",289.0,300.0
645,UNITED WORLD COLLEGE OF SOUTHEAST ASIA,"1207 DOVER ROAD, SINGAPORE 139654",Private School,Yes,Platinum,Large,"87,829",73.0,69.0
648,NUCLEOS,"21 BIOPOLIS ROAD, SINGAPORE 138567",Office,Yes,Gold,Large,"39,649",128.0,156.0
651,REPUBLIC POLYTECHNIC,"9 WOODLANDS AVENUE 9, SINGAPORE 738964",Polytechnic,Yes,Platinum,Large,"213,343",150.0,145.0
658,NTUC HEALTH NURSING HOME (CHAI CHEE),"35 CHAI CHEE STREET, SINGAPORE 468984",Nursing Home,Yes,Platinum,Small,"12,900",52.0,87.0
659,ST. ANDREW'S NURSING HOME (HENDERSON),"303 HENDERSON ROAD, SINGAPORE 108925",Nursing Home,Yes,Certified,Small,"9,520",56.0,89.0
660,SULTAN-LINK,"57 MOHAMED SULTAN ROAD, SINGAPORE 238997",Office,Yes,Certified,Small,"2,853",141.0,134.0
661,SULTAN-LINK,"55 MOHAMED SULTAN ROAD, SINGAPORE 238995",Office,Yes,Certified,Small,757,116.0,108.0
662,SULTAN-LINK,"63 MOHAMED SULTAN ROAD, SINGAPORE 239002",Office,Yes,Certified,Small,"1,063",112.0,141.0
663,SULTAN-LINK,"61 MOHAMED SULTAN ROAD, SINGAPORE 239001",Office,Yes,Certified,Small,"2,601",142.0,145.0
664,SULTAN-LINK,"59 MOHAMED SULTAN ROAD, SINGAPORE 238999",Office,Yes,Certified,Small,"2,677",55.0,56.0
665,SULTAN-LINK,"53 MOHAMED SULTAN ROAD, SINGAPORE 238993",Office,Yes,Certified,Small,"2,181",240.0,272.0
670,ASSISI HOSPICE,"832 THOMSON ROAD, SINGAPORE 574627",Nursing Home,Yes,Platinum,Small,"13,319",125.0,127.0
678,RAFFLES HOLLAND V,"118 HOLLAND AVENUE, SINGAPORE 278997",Retail,Yes,Certified,Small,"6,011",455.0,491.0
680,VISION EXCHANGE,"2 VENTURE DRIVE, SINGAPORE 608526",Office,Yes,GoldPlus,Large,"64,562",66.0,92.0
681,JURONG TOWN HALL,"9 JURONG TOWN HALL ROAD, SINGAPORE 609431",Office,Yes,Platinum,Large,"26,248",68.0,77.0
682,THE JTC SUMMIT,"8 JURONG TOWN HALL ROAD, SINGAPORE 609434",Office,Yes,Platinum,Large,"56,527",142.0,141.0
683,CONNEXIS,"1 FUSIONOPOLIS WAY, SINGAPORE 138632",Office,Yes,Platinum,Large,"120,384",226.0,233.0
684,HELIOS,"11 BIOPOLIS WAY, SINGAPORE 138667",Office,Yes,GoldPlus,Large,"170,856",686.0,663.0
685,IBM PLACE,"9 CHANGI BUSINESS PARK CENTRAL 1, SINGAPORE 486048",Office,Yes,GoldPlus,Large,"16,262",102.0,95.0
686,CLEANTECH ONE,"1 CLEANTECH LOOP, SINGAPORE 637141",Office,Yes,Platinum,Large,"28,800",303.0,294.0
688,JTC CLEANTECH TWO @CLEANTECH PARK,"3 CLEANTECH LOOP, SINGAPORE 637143",Office,Yes,Platinum,Large,"22,485",157.0,170.0
689,IBM PLACE,"7 CHANGI BUSINESS PARK CENTRAL 1, SINGAPORE 486072",Office,Yes,GoldPlus,Large,"15,996",134.0,133.0
690,INNOVIS,"2 FUSIONOPOLIS WAY, SINGAPORE 138634",Office,Yes,Platinum,Large,"41,193",546.0,509.0
691,SYNTHESIS,"6 FUSIONOPOLIS WAY, SINGAPORE 138636",Office,Yes,Platinum,Large,"19,173",1040.0,1093.0
692,KINESIS,"4 FUSIONOPOLIS WAY, SINGAPORE 138635",Office,Yes,Platinum,Large,"33,123",287.0,298.0
694,SINGAPORE MARRIOTT TANG PLAZA HOTEL,"320 ORCHARD ROAD, SINGAPORE 238865",Hotel,Yes,Gold,Large,"76,504",252.0,258.0
696,DUO TOWER,"3 FRASER STREET, SINGAPORE 189352",Office,Yes,Platinum,Large,"71,715",134.0,269.0
706,VALLEY POINT,"491 RIVER VALLEY ROAD, SINGAPORE 248371",Office,Yes,Gold,Large,"27,291",456.0,424.0
712,ST. ANDREW'S NURSING HOME (QUEENSTOWN),"11 JALAN PENJARA, SINGAPORE 149380",Nursing Home,Yes,Certified,Small,"10,992",45.0,91.0
721,RENDEZVOUS HOTEL SINGAPORE,"9 BRAS BASAH ROAD, SINGAPORE 189559",Hotel,Yes,GoldPlus,Large,"19,720",291.0,308.0
727,YISHUN COMMUNITY HOSPITAL,"2 YISHUN CENTRAL 2, SINGAPORE 768024",General Hospital/ Specialist Centre (Public),Yes,Platinum,Large,"41,325",203.0,209.0
731,REVENUE HOUSE,"55 NEWTON ROAD, SINGAPORE 307987",Office,Yes,Platinum,Large,"86,492",166.0,165.0
732,INTERNATIONAL PLAZA,"10 ANSON ROAD, SINGAPORE 079903",Office,Yes,GoldPlus,Large,"107,758",172.0,163.0
746,BANK OF AMERICA MERRILL LYNCH HARBOURFRONT,"2 HARBOURFRONT PLACE, SINGAPORE 098499",Office,Yes,GoldPlus,Large,"22,722",386.0,401.0
748,COPTHORNE KING'S HOTEL,"403 HAVELOCK ROAD, SINGAPORE 169632",Hotel,Yes,Platinum,Large,"17,598",239.0,250.0
749,TONG ENG BUILDING,"101 CECIL STREET, SINGAPORE 069533",Office,Yes,Platinum,Large,"22,930",124.0,113.0
755,ASCOTT SINGAPORE RAFFLES PLACE,"2 FINLAYSON GREEN, SINGAPORE 049247",Hotel,Yes,Certified,Large,"16,105",206.0,210.0
757,MAPLETREE ANSON,"60 ANSON ROAD, SINGAPORE 079914",Office,Yes,Platinum,Large,"35,657",215.0,210.0
763,MINISTRY OF FOREIGN AFFAIRS BUILDING,"1 SHERWOOD ROAD, SINGAPORE 248163",Office,Yes,Gold,Large,"35,533",220.0,223.0
764,51 CUPPAGE ROAD,"51 CUPPAGE ROAD, SINGAPORE 229469",Office,Yes,Gold,Large,"30,915",172.0,169.0
768,INCOME AT PRINSEP,"30 PRINSEP STREET, SINGAPORE 188647",Mixed Development,Yes,Gold,Small,"6,256",241.0,226.0
769,INCOME AT TAMPINES JUNCTION,"300 TAMPINES AVENUE 5, SINGAPORE 529653",Office,Yes,GoldPlus,Large,"19,566",186.0,195.0
780,CES CENTRE,"171 CHIN SWEE ROAD, SINGAPORE 169877",Office,Yes,Certified,Small,"12,253",120.0,113.0
786,THE PUNGGOL SETTLEMENT,"3 PUNGGOL POINT ROAD, SINGAPORE 828694",Retail,Yes,Certified,Small,"3,000",493.0,481.0
790,THE SELETAR MALL,"33 SENGKANG WEST AVENUE, SINGAPORE 797653",Retail,Yes,Gold,Large,"25,380",603.0,651.0
791,THE PARAGON,"290 ORCHARD ROAD, SINGAPORE 238859",Retail,Yes,Certified,Large,"94,403",402.0,379.0
798,MARINA AT KEPPEL BAY,"2 KEPPEL BAY VISTA, SINGAPORE 098382",Mixed Development,Yes,Gold,Small,"3,000",1075.0,1059.0
802,ONE RAFFLES PLACE,"1 RAFFLES PLACE, SINGAPORE 048616",Office,Yes,Gold,Large,"117,542",238.0,206.0
803,SIGLAP CENTRE,"55 SIGLAP ROAD, SINGAPORE 455871",Retail,Yes,GoldPlus,Small,"4,288",318.0,299.0
804,SYNAPSE,"3 BIOPOLIS DRIVE, SINGAPORE 138623",Office,Yes,Gold,Large,"42,976",164.0,185.0
820,HOTEL JEN TANGLIN SINGAPORE,"1A CUSCADEN ROAD, SINGAPORE 249716",Hotel,Yes,GoldPlus,Large,"26,385",288.0,287.0
842,MOE BUILDING,"1 NORTH BUONA VISTA DRIVE, SINGAPORE 138675",Office,Yes,Platinum,Large,"51,479",208.0,213.0
847,E!HUB@DOWNTOWN EAST,"1 PASIR RIS CLOSE, SINGAPORE 519599",Mixed Development,Yes,Gold,Large,"37,920",693.0,726.0
849,CAUSEWAY POINT,"1 WOODLANDS SQUARE, SINGAPORE 738099",Retail,Yes,Platinum,Large,"58,450",466.0,466.0
850,PSA BUILDING,"460 ALEXANDRA ROAD, SINGAPORE 119963",Office,Yes,GoldPlus,Large,"79,650",235.0,231.0
851,CROWNE PLAZA CHANGI AIRPORT,"75 AIRPORT BOULEVARD, SINGAPORE 819664",Hotel,Yes,Certified,Large,"41,099",221.0,223.0
856,NTUC TRADE UNION HOUSE,"73 BRAS BASAH ROAD, SINGAPORE 189556",Private School,Yes,Gold,Small,"5,656",258.0,240.0
857,TRIPLEONE SOMERSET,"111 SOMERSET ROAD, SINGAPORE 238164",Office,Yes,GoldPlus,Large,"68,836",104.0,109.0
863,SINGAPORE POLYTECHNIC,"500 DOVER ROAD, SINGAPORE 139651",Polytechnic,Yes,Platinum,Large,"289,060",134.0,127.0
875,ALEXANDRA POINT,"438 ALEXANDRA ROAD, SINGAPORE 119958",Office,Yes,Platinum,Large,"24,895",124.0,124.0
882,YEWTEE POINT,"21 CHOA CHU KANG NORTH 6, SINGAPORE 689578",Retail,Yes,Certified,Small,"10,880",637.0,616.0
930,JEM,"50 JURONG GATEWAY ROAD, SINGAPORE 608549",Retail,Yes,Platinum,Large,"108,169",341.0,336.0
936,NATIONAL LIBRARY BUILDING,"100 VICTORIA STREET, SINGAPORE 188064",Office,Yes,Platinum,Large,"58,783",221.0,226.0
960,GREAT EASTERN CENTRE,"1 PICKERING STREET, SINGAPORE 048659",Office,Yes,Certified,Large,"43,006",198.0,194.0
968,LASALLE COLLEGE OF THE ARTS,"1 MCNALLY STREET, SINGAPORE 187940",Private College,Yes,Gold,Large,"35,823",167.0,168.0
975,CONNECTION ONE,"168 JALAN BUKIT MERAH, SINGAPORE 150168",Office,Yes,Platinum,Large,"95,696",141.0,142.0
977,THE ADELPHI,"1 COLEMAN STREET, SINGAPORE 179803",Mixed Development,Yes,Platinum,Large,"41,158",230.0,160.0
986,FAMILY LINK @ LENGKOK BAHRU,"8 LENGKOK BAHRU, SINGAPORE 159052",Office,Yes,Certified,Small,"6,898",112.0,118.0
990,ICON@IBP,"3A INTERNATIONAL BUSINESS PARK, SINGAPORE 609935",Office,Yes,GoldPlus,Large,"41,135",107.0,102.0
994,CONNEXION,"1 FARRER PARK STATION ROAD, SINGAPORE 217562",Retail,Yes,Platinum,Large,"58,369",299.0,322.0
997,THE ROCHESTER,"35 ROCHESTER DRIVE, SINGAPORE 138639",Retail,Yes,Gold,Small,"8,599",134.0,127.0
1000,THE OCTAGON,"105 CECIL STREET, SINGAPORE 069534",Office,Yes,Certified,Large,"16,222",127.0,113.0
1005,WILKIE EDGE,"8 WILKIE ROAD, SINGAPORE 228095",Office,Yes,Gold,Large,"29,812",262.0,269.0
1014,PARK ROCHESTER AVENUE,"31 ROCHESTER DRIVE, SINGAPORE 138637",Hotel,Yes,Gold,Large,"18,881",162.0,164.0
1023,THE STAR VISTA,"1 VISTA EXCHANGE GREEN, SINGAPORE 138617",Retail,Yes,Gold,Large,"62,000",351.0,340.0
1027,SUNTEC CITY MALL,"3 TEMASEK BOULEVARD, SINGAPORE 038983",Office,Yes,Gold,Large,"454,084",298.0,303.0
1058,GALAXIS,"1 FUSIONOPOLIS PLACE, SINGAPORE 138522",Office,Yes,Platinum,Large,"68,839",184.0,185.0
1061,SEMBAWANG SHOPPING CENTRE,"604 SEMBAWANG ROAD, SINGAPORE 758459",Retail,Yes,Gold,Large,"19,146",504.0,488.0
1062,BUKIT TIMAH SHOPPING CENTRE,"170 UPPER BUKIT TIMAH ROAD, SINGAPORE 588179",Retail,Yes,Gold,Large,"29,985",148.0,156.0
1068,UOB PLAZA,"80 RAFFLES PLACE, SINGAPORE 048624",Office,Yes,GoldPlus,Large,"100,125",275.0,290.0
1070,UOB ALEXANDRA BUILDING,"396 ALEXANDRA ROAD, SINGAPORE 119954",Office,Yes,GoldPlus,Large,"30,469",657.0,701.0
1072,HDB HUB,"490 LORONG 6 TOA PAYOH, SINGAPORE 310490",Office,Yes,Platinum,Large,"187,345",219.0,216.0
1078,ESPLANADE MALL,"8 RAFFLES AVENUE, SINGAPORE 039802",Retail,Yes,Platinum,Large,"106,584",309.0,264.0
1082,PEOPLE'S ASSOCIATION,"9 KING GEORGES AVENUE, SINGAPORE 208581",Office,Yes,GoldPlus,Small,"14,647",147.0,145.0
1083,SINGAPORE BUSINESS FEDERATION CENTER,"160 ROBINSON ROAD, SINGAPORE 068914",Office,Yes,Platinum,Large,"28,189",127.0,148.0
1085,THE FLOW,"66 EAST COAST ROAD, SINGAPORE 428778",Retail,Yes,Certified,Small,"5,800",43.0,87.0
1086,PAYA LEBAR SQUARE,"60 PAYA LEBAR ROAD, SINGAPORE 409051",Office,Yes,GoldPlus,Large,"61,153",243.0,243.0
1097,NATIONAL INSTITUTE OF EDUCATION,"1 NANYANG WALK, SINGAPORE 637616",Univerisity,Yes,Platinum,Large,"109,181",80.0,79.0
1098,OUR TAMPINES HUB,"51 TAMPINES AVENUE 4, SINGAPORE 529684",Office,Yes,Platinum,Large,"120,263",68.0,1.0
1104,321 CLEMENTI,"321 CLEMENTI AVENUE 3, SINGAPORE 129905",Retail,Yes,Platinum,Small,"7,564",328.0,349.0
1108,MAXWELL HOUSE,"20 MAXWELL ROAD, SINGAPORE 069113",Office,Yes,Platinum,Large,"16,608",153.0,124.0
1116,HOTEL FORT CANING,"11 CANNING WALK, SINGAPORE 178881",Hotel,Yes,GoldPlus,Large,"8,922",341.0,326.0
1119,SIM LIM TOWER,"10 JALAN BESAR, SINGAPORE 208787",Mixed Development,Yes,GoldPlus,Large,"22,772",135.0,128.0
1124,8 ON CLAYMORE,"8 CLAYMORE HILL, SINGAPORE 229572",Hotel,Yes,Gold,Large,"13,539",204.0,201.0
1126,CHIJMES,"30 VICTORIA STREET, SINGAPORE 187996",Retail,Yes,Certified,Small,"14,790",511.0,520.0
1131,SHAW CENTRE,"1 SCOTTS ROAD, SINGAPORE 228208",Office,Yes,Gold,Large,"40,939",367.0,362.0
1132,SHAW HOUSE,"350 ORCHARD ROAD, SINGAPORE 238868",Office,Yes,Gold,Large,"49,048",268.0,260.0
1147,ROYAL SQUARE AT NOVENA,"99 IRRAWADDY ROAD, SINGAPORE 329568",Retail,Yes,Platinum,Large,"36,961",68.0,208.0
1151,NORTH BRIDGE CENTRE,"420 NORTH BRIDGE ROAD, SINGAPORE 188727",Office,Yes,Gold,Small,"9,164",137.0,137.0
1157,BUGIS JUNCTION,"230 VICTORIA STREET, SINGAPORE 188024",Mixed Development,Yes,Platinum,Large,"118,984",382.0,378.0
1160,NATIONAL DESIGN CENTRE,"111 MIDDLE ROAD, SINGAPORE 188969",Office,Yes,Platinum,Small,"7,860",198.0,196.0
1161,WATERTOWN,"83 PUNGGOL CENTRAL, SINGAPORE 828761",Retail,Yes,GoldPlus,Large,"50,399",549.0,561.0
1162,OCBC TAMPINES CENTRE ONE,"11 TAMPINES CENTRAL 1, SINGAPORE 529542",Office,Yes,Gold,Small,"10,777",834.0,274.0
1163,OCBC TAMPINES CENTRE TWO,"31 TAMPINES AVENUE 4, SINGAPORE 529680",Office,Yes,Gold,Small,"8,946",282.0,290.0
1165,DJIT SUN MALL,"5 ANG MO KIO CENTRAL 2, SINGAPORE 569663",Retail,Yes,Certified,Small,"5,103",469.0,498.0
1167,LIFELONG LEARNING INSTITUTE,"11 EUNOS ROAD 8, SINGAPORE 408601",Private School,Yes,Platinum,Large,"31,054",163.0,156.0
1196,SCAPE,"2 ORCHARD LINK, SINGAPORE 237978",Mixed Development,Yes,Gold,Small,"13,102",370.0,359.0
1231,SINGAPORE POOLS BUILDING,"210 MIDDLE ROAD, SINGAPORE 188994",Office,Yes,GoldPlus,Small,"13,121",264.0,264.0
1234,INTERNATIONAL BUILDING,"360 ORCHARD ROAD, SINGAPORE 238869",Office,Yes,GoldPlus,Large,"15,267",349.0,535.0
1240,POMO,"1 SELEGIE ROAD, SINGAPORE 188306",Private School,Yes,Platinum,Large,"21,832",288.0,261.0
1242,PARKWAY PARADE,"80 MARINE PARADE ROAD, SINGAPORE 449269",Office,Yes,Platinum,Large,"99,012",326.0,330.0
